<?xml version="1.0" encoding="UTF-8"?>
<ROOT>
	<TIME_SCANNING_START_UTC>20121012T053535</TIME_SCANNING_START_UTC>
	<TIME_SCANNING_START_LOCAL>2012-Oct-12 07:35:35</TIME_SCANNING_START_LOCAL>
	<product>
		<product_name>Dress</product_name>
		<product_price>45.5</product_price>
		<sex>F</sex>
		<fabric>Wool</fabric>
		<currency_name>EUR</currency_name>
		<navigator_state>Dresses,Wool</navigator_state>
	</product>
	<product>
		<product_name>Dress</product_name>
		<product_price>55.5</product_price>
		<sex>F</sex>
		<fabric>Wool</fabric>
		<currency_name>EUR</currency_name>
		<navigator_state>Dresses,Wool</navigator_state>
	</product>
	<product>
		<product_name>Dress</product_name>
		<product_price>35.75</product_price>
		<sex>F</sex>
		<fabric>Wool</fabric>
		<currency_name>EUR</currency_name>
		<navigator_state>Dresses,Wool</navigator_state>
	</product>
	<product>
		<product_name>Dress</product_name>
		<product_price>67.25</product_price>
		<sex>F</sex>
		<fabric>Wool</fabric>
		<currency_name>EUR</currency_name>
		<navigator_state>Dresses,Wool</navigator_state>
	</product>
	<product>
		<product_name>Dress</product_name>
		<product_price>55.5</product_price>
		<sex>F</sex>
		<fabric>Cotton</fabric>
		<currency_name>EUR</currency_name>
		<navigator_state>Dresses,Cotton</navigator_state>
	</product>
	<product>
		<product_name>Dress</product_name>
		<product_price>65.5</product_price>
		<sex>F</sex>
		<fabric>Cotton</fabric>
		<currency_name>EUR</currency_name>
		<navigator_state>Dresses,Cotton</navigator_state>
	</product>
	<product>
		<product_name>Dress</product_name>
		<product_price>45.75</product_price>
		<sex>F</sex>
		<fabric>Cotton</fabric>
		<currency_name>EUR</currency_name>
		<navigator_state>Dresses,Cotton</navigator_state>
	</product>
	<product>
		<product_name>Dress</product_name>
		<product_price>77.25</product_price>
		<sex>F</sex>
		<fabric>Cotton</fabric>
		<currency_name>EUR</currency_name>
		<navigator_state>Dresses,Cotton</navigator_state>
	</product>
	<product>
		<product_name>Tie</product_name>
		<product_price>25.5</product_price>
		<sex>M</sex>
		<fabric>Wool</fabric>
		<currency_name>EUR</currency_name>
		<navigator_state>Ties,Wool</navigator_state>
	</product>
	<product>
		<product_name>Tie</product_name>
		<product_price>35.5</product_price>
		<sex>M</sex>
		<fabric>Wool</fabric>
		<currency_name>EUR</currency_name>
		<navigator_state>Ties,Wool</navigator_state>
	</product>
	<product>
		<product_name>Tie</product_name>
		<product_price>25.75</product_price>
		<sex>M</sex>
		<fabric>Wool</fabric>
		<currency_name>EUR</currency_name>
		<navigator_state>Ties,Wool</navigator_state>
	</product>
	<product>
		<product_name>Tie</product_name>
		<product_price>47.25</product_price>
		<sex>M</sex>
		<fabric>Wool</fabric>
		<currency_name>EUR</currency_name>
		<navigator_state>Ties,Wool</navigator_state>
	</product>
	<product>
		<product_name>Tie</product_name>
		<product_price>35.5</product_price>
		<sex>M</sex>
		<fabric>Cotton</fabric>
		<currency_name>EUR</currency_name>
		<navigator_state>Ties,Cotton</navigator_state>
	</product>
	<product>
		<product_name>Tie</product_name>
		<product_price>45.5</product_price>
		<sex>M</sex>
		<fabric>Cotton</fabric>
		<currency_name>EUR</currency_name>
		<navigator_state>Ties,Cotton</navigator_state>
	</product>
	<product>
		<product_name>Tie</product_name>
		<product_price>25.75</product_price>
		<sex>M</sex>
		<fabric>Cotton</fabric>
		<currency_name>EUR</currency_name>
		<navigator_state>Ties,Cotton</navigator_state>
	</product>
	<product>
		<product_name>Tie</product_name>
		<product_price>57.25</product_price>
		<sex>M</sex>
		<fabric>Cotton</fabric>
		<currency_name>EUR</currency_name>
		<navigator_state>Ties,Cotton</navigator_state>
	</product>
	<product>
		<product_name>Jacket</product_name>
		<product_price>83.5</product_price>
		<sex>MF</sex>
		<fabric>Wool</fabric>
		<currency_name>EUR</currency_name>
		<navigator_state>Jackets,Wool</navigator_state>
	</product>
	<product>
		<product_name>Jacket</product_name>
		<product_price>76.5</product_price>
		<sex>MF</sex>
		<fabric>Wool</fabric>
		<currency_name>EUR</currency_name>
		<navigator_state>Jackets,Wool</navigator_state>
	</product>
	<product>
		<product_name>Jacket</product_name>
		<product_price>63.75</product_price>
		<sex>MF</sex>
		<fabric>Wool</fabric>
		<currency_name>EUR</currency_name>
		<navigator_state>Jackets,Wool</navigator_state>
	</product>
	<product>
		<product_name>Jacket</product_name>
		<product_price>58.25</product_price>
		<sex>MF</sex>
		<fabric>Wool</fabric>
		<currency_name>EUR</currency_name>
		<navigator_state>Jackets,Wool</navigator_state>
	</product>
	<product>
		<product_name>Jacket</product_name>
		<product_price>65.5</product_price>
		<sex>MF</sex>
		<fabric>Cotton</fabric>
		<currency_name>EUR</currency_name>
		<navigator_state>Jackets,Cotton</navigator_state>
	</product>
	<product>
		<product_name>Jacket</product_name>
		<product_price>79.5</product_price>
		<sex>MF</sex>
		<fabric>Cotton</fabric>
		<currency_name>EUR</currency_name>
		<navigator_state>Jackets,Cotton</navigator_state>
	</product>
	<product>
		<product_name>Jacket</product_name>
		<product_price>51.75</product_price>
		<sex>MF</sex>
		<fabric>Cotton</fabric>
		<currency_name>EUR</currency_name>
		<navigator_state>Jackets,Cotton</navigator_state>
	</product>
	<product>
		<product_name>Jacket</product_name>
		<product_price>82.25</product_price>
		<sex>MF</sex>
		<fabric>Cotton</fabric>
		<currency_name>EUR</currency_name>
		<navigator_state>Jackets,Cotton</navigator_state>
	</product>
	<TIME_SCANNING_END_UTC>20121012T053545</TIME_SCANNING_END_UTC>
	<TIME_SCANNING_END_LOCAL>2012-Oct-12 07:35:45</TIME_SCANNING_END_LOCAL>
	<TIME_SCANNING_ELAPSED>000010</TIME_SCANNING_ELAPSED>
	<TIME_SCANNING_ELAPSED>00:00:10</TIME_SCANNING_ELAPSED>
</ROOT>
