<?xml version="1.0" encoding="UTF-8"?>
<ROOT>
	<TIME_SCANNING_START_UTC unit="DATE_ISO">20120403T180110</TIME_SCANNING_START_UTC>
	<TIME_SCANNING_START_LOCAL unit="DATE_SIMPLE">2012-Apr-03 20:01:10</TIME_SCANNING_START_LOCAL>
	<DoSearch_Test_2>
		<dompos>75</dompos>
		<selectLength>4</selectLength>
		<selectSelectedIndex>1</selectSelectedIndex>
		<selectSelectedDomPos>81</selectSelectedDomPos>
	</DoSearch_Test_2>
	<product>
		<PRODUCT_NAME_DOM_POS>82</PRODUCT_NAME_DOM_POS>
		<PRODUCT_NAME_NODE_VAL>dress</PRODUCT_NAME_NODE_VAL>
		<PRODUCT_NAME_PARENT_DOM_POS>81</PRODUCT_NAME_PARENT_DOM_POS>
		<PRODUCT_NAME_PARENT_NODE_VAL>TD</PRODUCT_NAME_PARENT_NODE_VAL>
		<PRODUCT_NAME_PARENT2_DOM_POS>77</PRODUCT_NAME_PARENT2_DOM_POS>
		<PRODUCT_NAME_PARENT2_NODE_VAL>TR</PRODUCT_NAME_PARENT2_NODE_VAL>
		<PRODUCT_NAME_PARENT3_DOM_POS>76</PRODUCT_NAME_PARENT3_DOM_POS>
		<PRODUCT_NAME_PARENT3_NODE_VAL>TBODY</PRODUCT_NAME_PARENT3_NODE_VAL>
		<PRODUCT_NAME_PARENT4_DOM_POS>75</PRODUCT_NAME_PARENT4_DOM_POS>
		<PRODUCT_NAME_PARENT4_NODE_VAL>TABLE</PRODUCT_NAME_PARENT4_NODE_VAL>
		<PRODUCT_NAME_PARENT5_DOM_POS>58</PRODUCT_NAME_PARENT5_DOM_POS>
		<PRODUCT_NAME_PARENT5_NODE_VAL>BODY</PRODUCT_NAME_PARENT5_NODE_VAL>
		<product_url>http://sleipnerexamples.com.localhost/sites/TestAuto1/productPage.php?product_id=0</product_url>
		<product_name>dress</product_name>
		<product_price>45.5</product_price>
		<color>white</color>
		<fabric>wool</fabric>
		<brand_name>Dior</brand_name>
		<product_id>0</product_id>
		<sex>HTML</sex>
		<currency_name>EUR</currency_name>
		<navigator_state>dresses,wool</navigator_state>
	</product>
	<product>
		<PRODUCT_NAME_DOM_POS>82</PRODUCT_NAME_DOM_POS>
		<PRODUCT_NAME_NODE_VAL>dress</PRODUCT_NAME_NODE_VAL>
		<PRODUCT_NAME_PARENT_DOM_POS>81</PRODUCT_NAME_PARENT_DOM_POS>
		<PRODUCT_NAME_PARENT_NODE_VAL>TD</PRODUCT_NAME_PARENT_NODE_VAL>
		<PRODUCT_NAME_PARENT2_DOM_POS>77</PRODUCT_NAME_PARENT2_DOM_POS>
		<PRODUCT_NAME_PARENT2_NODE_VAL>TR</PRODUCT_NAME_PARENT2_NODE_VAL>
		<PRODUCT_NAME_PARENT3_DOM_POS>76</PRODUCT_NAME_PARENT3_DOM_POS>
		<PRODUCT_NAME_PARENT3_NODE_VAL>TBODY</PRODUCT_NAME_PARENT3_NODE_VAL>
		<PRODUCT_NAME_PARENT4_DOM_POS>75</PRODUCT_NAME_PARENT4_DOM_POS>
		<PRODUCT_NAME_PARENT4_NODE_VAL>TABLE</PRODUCT_NAME_PARENT4_NODE_VAL>
		<PRODUCT_NAME_PARENT5_DOM_POS>58</PRODUCT_NAME_PARENT5_DOM_POS>
		<PRODUCT_NAME_PARENT5_NODE_VAL>BODY</PRODUCT_NAME_PARENT5_NODE_VAL>
		<product_url>http://sleipnerexamples.com.localhost/sites/TestAuto1/productPage.php?product_id=1</product_url>
		<product_name>dress</product_name>
		<product_price>55.5</product_price>
		<color>green</color>
		<fabric>wool</fabric>
		<brand_name>CK</brand_name>
		<product_id>1</product_id>
		<sex>HTML</sex>
		<currency_name>EUR</currency_name>
		<navigator_state>dresses,wool</navigator_state>
	</product>
	<product>
		<PRODUCT_NAME_DOM_POS>82</PRODUCT_NAME_DOM_POS>
		<PRODUCT_NAME_NODE_VAL>dress</PRODUCT_NAME_NODE_VAL>
		<PRODUCT_NAME_PARENT_DOM_POS>81</PRODUCT_NAME_PARENT_DOM_POS>
		<PRODUCT_NAME_PARENT_NODE_VAL>TD</PRODUCT_NAME_PARENT_NODE_VAL>
		<PRODUCT_NAME_PARENT2_DOM_POS>77</PRODUCT_NAME_PARENT2_DOM_POS>
		<PRODUCT_NAME_PARENT2_NODE_VAL>TR</PRODUCT_NAME_PARENT2_NODE_VAL>
		<PRODUCT_NAME_PARENT3_DOM_POS>76</PRODUCT_NAME_PARENT3_DOM_POS>
		<PRODUCT_NAME_PARENT3_NODE_VAL>TBODY</PRODUCT_NAME_PARENT3_NODE_VAL>
		<PRODUCT_NAME_PARENT4_DOM_POS>75</PRODUCT_NAME_PARENT4_DOM_POS>
		<PRODUCT_NAME_PARENT4_NODE_VAL>TABLE</PRODUCT_NAME_PARENT4_NODE_VAL>
		<PRODUCT_NAME_PARENT5_DOM_POS>58</PRODUCT_NAME_PARENT5_DOM_POS>
		<PRODUCT_NAME_PARENT5_NODE_VAL>BODY</PRODUCT_NAME_PARENT5_NODE_VAL>
		<product_url>http://sleipnerexamples.com.localhost/sites/TestAuto1/productPage.php?product_id=2</product_url>
		<product_name>dress</product_name>
		<product_price>35.75</product_price>
		<color>green</color>
		<fabric>wool</fabric>
		<brand_name>Boss</brand_name>
		<product_id>2</product_id>
		<sex>HTML</sex>
		<currency_name>EUR</currency_name>
		<navigator_state>dresses,wool</navigator_state>
	</product>
	<product>
		<PRODUCT_NAME_DOM_POS>82</PRODUCT_NAME_DOM_POS>
		<PRODUCT_NAME_NODE_VAL>dress</PRODUCT_NAME_NODE_VAL>
		<PRODUCT_NAME_PARENT_DOM_POS>81</PRODUCT_NAME_PARENT_DOM_POS>
		<PRODUCT_NAME_PARENT_NODE_VAL>TD</PRODUCT_NAME_PARENT_NODE_VAL>
		<PRODUCT_NAME_PARENT2_DOM_POS>77</PRODUCT_NAME_PARENT2_DOM_POS>
		<PRODUCT_NAME_PARENT2_NODE_VAL>TR</PRODUCT_NAME_PARENT2_NODE_VAL>
		<PRODUCT_NAME_PARENT3_DOM_POS>76</PRODUCT_NAME_PARENT3_DOM_POS>
		<PRODUCT_NAME_PARENT3_NODE_VAL>TBODY</PRODUCT_NAME_PARENT3_NODE_VAL>
		<PRODUCT_NAME_PARENT4_DOM_POS>75</PRODUCT_NAME_PARENT4_DOM_POS>
		<PRODUCT_NAME_PARENT4_NODE_VAL>TABLE</PRODUCT_NAME_PARENT4_NODE_VAL>
		<PRODUCT_NAME_PARENT5_DOM_POS>58</PRODUCT_NAME_PARENT5_DOM_POS>
		<PRODUCT_NAME_PARENT5_NODE_VAL>BODY</PRODUCT_NAME_PARENT5_NODE_VAL>
		<product_url>http://sleipnerexamples.com.localhost/sites/TestAuto1/productPage.php?product_id=3</product_url>
		<product_name>dress</product_name>
		<product_price>67.25</product_price>
		<color>blue</color>
		<fabric>wool</fabric>
		<brand_name>CK</brand_name>
		<product_id>3</product_id>
		<sex>HTML</sex>
		<currency_name>EUR</currency_name>
		<navigator_state>dresses,wool</navigator_state>
	</product>
	<DoSearch_Test_2>
		<dompos>75</dompos>
		<selectLength>4</selectLength>
		<selectSelectedIndex>1</selectSelectedIndex>
		<selectSelectedDomPos>81</selectSelectedDomPos>
	</DoSearch_Test_2>
	<product>
		<PRODUCT_NAME_DOM_POS>82</PRODUCT_NAME_DOM_POS>
		<PRODUCT_NAME_NODE_VAL>dress</PRODUCT_NAME_NODE_VAL>
		<PRODUCT_NAME_PARENT_DOM_POS>81</PRODUCT_NAME_PARENT_DOM_POS>
		<PRODUCT_NAME_PARENT_NODE_VAL>TD</PRODUCT_NAME_PARENT_NODE_VAL>
		<PRODUCT_NAME_PARENT2_DOM_POS>77</PRODUCT_NAME_PARENT2_DOM_POS>
		<PRODUCT_NAME_PARENT2_NODE_VAL>TR</PRODUCT_NAME_PARENT2_NODE_VAL>
		<PRODUCT_NAME_PARENT3_DOM_POS>76</PRODUCT_NAME_PARENT3_DOM_POS>
		<PRODUCT_NAME_PARENT3_NODE_VAL>TBODY</PRODUCT_NAME_PARENT3_NODE_VAL>
		<PRODUCT_NAME_PARENT4_DOM_POS>75</PRODUCT_NAME_PARENT4_DOM_POS>
		<PRODUCT_NAME_PARENT4_NODE_VAL>TABLE</PRODUCT_NAME_PARENT4_NODE_VAL>
		<PRODUCT_NAME_PARENT5_DOM_POS>58</PRODUCT_NAME_PARENT5_DOM_POS>
		<PRODUCT_NAME_PARENT5_NODE_VAL>BODY</PRODUCT_NAME_PARENT5_NODE_VAL>
		<product_url>http://sleipnerexamples.com.localhost/sites/TestAuto1/productPage.php?product_id=4</product_url>
		<product_name>dress</product_name>
		<product_price>55.5</product_price>
		<color>green</color>
		<fabric>cotton</fabric>
		<brand_name>Dior</brand_name>
		<product_id>4</product_id>
		<sex>HTML</sex>
		<currency_name>EUR</currency_name>
		<navigator_state>dresses,cotton</navigator_state>
	</product>
	<product>
		<PRODUCT_NAME_DOM_POS>82</PRODUCT_NAME_DOM_POS>
		<PRODUCT_NAME_NODE_VAL>dress</PRODUCT_NAME_NODE_VAL>
		<PRODUCT_NAME_PARENT_DOM_POS>81</PRODUCT_NAME_PARENT_DOM_POS>
		<PRODUCT_NAME_PARENT_NODE_VAL>TD</PRODUCT_NAME_PARENT_NODE_VAL>
		<PRODUCT_NAME_PARENT2_DOM_POS>77</PRODUCT_NAME_PARENT2_DOM_POS>
		<PRODUCT_NAME_PARENT2_NODE_VAL>TR</PRODUCT_NAME_PARENT2_NODE_VAL>
		<PRODUCT_NAME_PARENT3_DOM_POS>76</PRODUCT_NAME_PARENT3_DOM_POS>
		<PRODUCT_NAME_PARENT3_NODE_VAL>TBODY</PRODUCT_NAME_PARENT3_NODE_VAL>
		<PRODUCT_NAME_PARENT4_DOM_POS>75</PRODUCT_NAME_PARENT4_DOM_POS>
		<PRODUCT_NAME_PARENT4_NODE_VAL>TABLE</PRODUCT_NAME_PARENT4_NODE_VAL>
		<PRODUCT_NAME_PARENT5_DOM_POS>58</PRODUCT_NAME_PARENT5_DOM_POS>
		<PRODUCT_NAME_PARENT5_NODE_VAL>BODY</PRODUCT_NAME_PARENT5_NODE_VAL>
		<product_url>http://sleipnerexamples.com.localhost/sites/TestAuto1/productPage.php?product_id=5</product_url>
		<product_name>dress</product_name>
		<product_price>65.5</product_price>
		<color>white</color>
		<fabric>cotton</fabric>
		<brand_name>CK</brand_name>
		<product_id>5</product_id>
		<sex>HTML</sex>
		<currency_name>EUR</currency_name>
		<navigator_state>dresses,cotton</navigator_state>
	</product>
	<product>
		<PRODUCT_NAME_DOM_POS>82</PRODUCT_NAME_DOM_POS>
		<PRODUCT_NAME_NODE_VAL>dress</PRODUCT_NAME_NODE_VAL>
		<PRODUCT_NAME_PARENT_DOM_POS>81</PRODUCT_NAME_PARENT_DOM_POS>
		<PRODUCT_NAME_PARENT_NODE_VAL>TD</PRODUCT_NAME_PARENT_NODE_VAL>
		<PRODUCT_NAME_PARENT2_DOM_POS>77</PRODUCT_NAME_PARENT2_DOM_POS>
		<PRODUCT_NAME_PARENT2_NODE_VAL>TR</PRODUCT_NAME_PARENT2_NODE_VAL>
		<PRODUCT_NAME_PARENT3_DOM_POS>76</PRODUCT_NAME_PARENT3_DOM_POS>
		<PRODUCT_NAME_PARENT3_NODE_VAL>TBODY</PRODUCT_NAME_PARENT3_NODE_VAL>
		<PRODUCT_NAME_PARENT4_DOM_POS>75</PRODUCT_NAME_PARENT4_DOM_POS>
		<PRODUCT_NAME_PARENT4_NODE_VAL>TABLE</PRODUCT_NAME_PARENT4_NODE_VAL>
		<PRODUCT_NAME_PARENT5_DOM_POS>58</PRODUCT_NAME_PARENT5_DOM_POS>
		<PRODUCT_NAME_PARENT5_NODE_VAL>BODY</PRODUCT_NAME_PARENT5_NODE_VAL>
		<product_url>http://sleipnerexamples.com.localhost/sites/TestAuto1/productPage.php?product_id=6</product_url>
		<product_name>dress</product_name>
		<product_price>45.75</product_price>
		<color>blue</color>
		<fabric>cotton</fabric>
		<brand_name>Boss</brand_name>
		<product_id>6</product_id>
		<sex>HTML</sex>
		<currency_name>EUR</currency_name>
		<navigator_state>dresses,cotton</navigator_state>
	</product>
	<product>
		<PRODUCT_NAME_DOM_POS>82</PRODUCT_NAME_DOM_POS>
		<PRODUCT_NAME_NODE_VAL>dress</PRODUCT_NAME_NODE_VAL>
		<PRODUCT_NAME_PARENT_DOM_POS>81</PRODUCT_NAME_PARENT_DOM_POS>
		<PRODUCT_NAME_PARENT_NODE_VAL>TD</PRODUCT_NAME_PARENT_NODE_VAL>
		<PRODUCT_NAME_PARENT2_DOM_POS>77</PRODUCT_NAME_PARENT2_DOM_POS>
		<PRODUCT_NAME_PARENT2_NODE_VAL>TR</PRODUCT_NAME_PARENT2_NODE_VAL>
		<PRODUCT_NAME_PARENT3_DOM_POS>76</PRODUCT_NAME_PARENT3_DOM_POS>
		<PRODUCT_NAME_PARENT3_NODE_VAL>TBODY</PRODUCT_NAME_PARENT3_NODE_VAL>
		<PRODUCT_NAME_PARENT4_DOM_POS>75</PRODUCT_NAME_PARENT4_DOM_POS>
		<PRODUCT_NAME_PARENT4_NODE_VAL>TABLE</PRODUCT_NAME_PARENT4_NODE_VAL>
		<PRODUCT_NAME_PARENT5_DOM_POS>58</PRODUCT_NAME_PARENT5_DOM_POS>
		<PRODUCT_NAME_PARENT5_NODE_VAL>BODY</PRODUCT_NAME_PARENT5_NODE_VAL>
		<product_url>http://sleipnerexamples.com.localhost/sites/TestAuto1/productPage.php?product_id=7</product_url>
		<product_name>dress</product_name>
		<product_price>77.25</product_price>
		<color>white</color>
		<fabric>cotton</fabric>
		<brand_name>Boss</brand_name>
		<product_id>7</product_id>
		<sex>HTML</sex>
		<currency_name>EUR</currency_name>
		<navigator_state>dresses,cotton</navigator_state>
	</product>
	<DoSearch_Test_2>
		<dompos>75</dompos>
		<selectLength>4</selectLength>
		<selectSelectedIndex>2</selectSelectedIndex>
		<selectSelectedDomPos>86</selectSelectedDomPos>
	</DoSearch_Test_2>
	<product>
		<PRODUCT_NAME_DOM_POS>82</PRODUCT_NAME_DOM_POS>
		<PRODUCT_NAME_NODE_VAL>tie</PRODUCT_NAME_NODE_VAL>
		<PRODUCT_NAME_PARENT_DOM_POS>81</PRODUCT_NAME_PARENT_DOM_POS>
		<PRODUCT_NAME_PARENT_NODE_VAL>TD</PRODUCT_NAME_PARENT_NODE_VAL>
		<PRODUCT_NAME_PARENT2_DOM_POS>77</PRODUCT_NAME_PARENT2_DOM_POS>
		<PRODUCT_NAME_PARENT2_NODE_VAL>TR</PRODUCT_NAME_PARENT2_NODE_VAL>
		<PRODUCT_NAME_PARENT3_DOM_POS>76</PRODUCT_NAME_PARENT3_DOM_POS>
		<PRODUCT_NAME_PARENT3_NODE_VAL>TBODY</PRODUCT_NAME_PARENT3_NODE_VAL>
		<PRODUCT_NAME_PARENT4_DOM_POS>75</PRODUCT_NAME_PARENT4_DOM_POS>
		<PRODUCT_NAME_PARENT4_NODE_VAL>TABLE</PRODUCT_NAME_PARENT4_NODE_VAL>
		<PRODUCT_NAME_PARENT5_DOM_POS>58</PRODUCT_NAME_PARENT5_DOM_POS>
		<PRODUCT_NAME_PARENT5_NODE_VAL>BODY</PRODUCT_NAME_PARENT5_NODE_VAL>
		<product_url>http://sleipnerexamples.com.localhost/sites/TestAuto1/productPage.php?product_id=8</product_url>
		<product_name>tie</product_name>
		<product_price>25.5</product_price>
		<color>green</color>
		<fabric>wool</fabric>
		<brand_name>Dior</brand_name>
		<product_id>8</product_id>
		<sex>HTML</sex>
		<currency_name>EUR</currency_name>
		<navigator_state>ties,wool</navigator_state>
	</product>
	<product>
		<PRODUCT_NAME_DOM_POS>82</PRODUCT_NAME_DOM_POS>
		<PRODUCT_NAME_NODE_VAL>tie</PRODUCT_NAME_NODE_VAL>
		<PRODUCT_NAME_PARENT_DOM_POS>81</PRODUCT_NAME_PARENT_DOM_POS>
		<PRODUCT_NAME_PARENT_NODE_VAL>TD</PRODUCT_NAME_PARENT_NODE_VAL>
		<PRODUCT_NAME_PARENT2_DOM_POS>77</PRODUCT_NAME_PARENT2_DOM_POS>
		<PRODUCT_NAME_PARENT2_NODE_VAL>TR</PRODUCT_NAME_PARENT2_NODE_VAL>
		<PRODUCT_NAME_PARENT3_DOM_POS>76</PRODUCT_NAME_PARENT3_DOM_POS>
		<PRODUCT_NAME_PARENT3_NODE_VAL>TBODY</PRODUCT_NAME_PARENT3_NODE_VAL>
		<PRODUCT_NAME_PARENT4_DOM_POS>75</PRODUCT_NAME_PARENT4_DOM_POS>
		<PRODUCT_NAME_PARENT4_NODE_VAL>TABLE</PRODUCT_NAME_PARENT4_NODE_VAL>
		<PRODUCT_NAME_PARENT5_DOM_POS>58</PRODUCT_NAME_PARENT5_DOM_POS>
		<PRODUCT_NAME_PARENT5_NODE_VAL>BODY</PRODUCT_NAME_PARENT5_NODE_VAL>
		<product_url>http://sleipnerexamples.com.localhost/sites/TestAuto1/productPage.php?product_id=9</product_url>
		<product_name>tie</product_name>
		<product_price>35.5</product_price>
		<color>blue</color>
		<fabric>wool</fabric>
		<brand_name>Dior</brand_name>
		<product_id>9</product_id>
		<sex>HTML</sex>
		<currency_name>EUR</currency_name>
		<navigator_state>ties,wool</navigator_state>
	</product>
	<product>
		<PRODUCT_NAME_DOM_POS>82</PRODUCT_NAME_DOM_POS>
		<PRODUCT_NAME_NODE_VAL>tie</PRODUCT_NAME_NODE_VAL>
		<PRODUCT_NAME_PARENT_DOM_POS>81</PRODUCT_NAME_PARENT_DOM_POS>
		<PRODUCT_NAME_PARENT_NODE_VAL>TD</PRODUCT_NAME_PARENT_NODE_VAL>
		<PRODUCT_NAME_PARENT2_DOM_POS>77</PRODUCT_NAME_PARENT2_DOM_POS>
		<PRODUCT_NAME_PARENT2_NODE_VAL>TR</PRODUCT_NAME_PARENT2_NODE_VAL>
		<PRODUCT_NAME_PARENT3_DOM_POS>76</PRODUCT_NAME_PARENT3_DOM_POS>
		<PRODUCT_NAME_PARENT3_NODE_VAL>TBODY</PRODUCT_NAME_PARENT3_NODE_VAL>
		<PRODUCT_NAME_PARENT4_DOM_POS>75</PRODUCT_NAME_PARENT4_DOM_POS>
		<PRODUCT_NAME_PARENT4_NODE_VAL>TABLE</PRODUCT_NAME_PARENT4_NODE_VAL>
		<PRODUCT_NAME_PARENT5_DOM_POS>58</PRODUCT_NAME_PARENT5_DOM_POS>
		<PRODUCT_NAME_PARENT5_NODE_VAL>BODY</PRODUCT_NAME_PARENT5_NODE_VAL>
		<product_url>http://sleipnerexamples.com.localhost/sites/TestAuto1/productPage.php?product_id=10</product_url>
		<product_name>tie</product_name>
		<product_price>25.75</product_price>
		<color>blue</color>
		<fabric>wool</fabric>
		<brand_name>Boss</brand_name>
		<product_id>10</product_id>
		<sex>HTML</sex>
		<currency_name>EUR</currency_name>
		<navigator_state>ties,wool</navigator_state>
	</product>
	<product>
		<PRODUCT_NAME_DOM_POS>82</PRODUCT_NAME_DOM_POS>
		<PRODUCT_NAME_NODE_VAL>tie</PRODUCT_NAME_NODE_VAL>
		<PRODUCT_NAME_PARENT_DOM_POS>81</PRODUCT_NAME_PARENT_DOM_POS>
		<PRODUCT_NAME_PARENT_NODE_VAL>TD</PRODUCT_NAME_PARENT_NODE_VAL>
		<PRODUCT_NAME_PARENT2_DOM_POS>77</PRODUCT_NAME_PARENT2_DOM_POS>
		<PRODUCT_NAME_PARENT2_NODE_VAL>TR</PRODUCT_NAME_PARENT2_NODE_VAL>
		<PRODUCT_NAME_PARENT3_DOM_POS>76</PRODUCT_NAME_PARENT3_DOM_POS>
		<PRODUCT_NAME_PARENT3_NODE_VAL>TBODY</PRODUCT_NAME_PARENT3_NODE_VAL>
		<PRODUCT_NAME_PARENT4_DOM_POS>75</PRODUCT_NAME_PARENT4_DOM_POS>
		<PRODUCT_NAME_PARENT4_NODE_VAL>TABLE</PRODUCT_NAME_PARENT4_NODE_VAL>
		<PRODUCT_NAME_PARENT5_DOM_POS>58</PRODUCT_NAME_PARENT5_DOM_POS>
		<PRODUCT_NAME_PARENT5_NODE_VAL>BODY</PRODUCT_NAME_PARENT5_NODE_VAL>
		<product_url>http://sleipnerexamples.com.localhost/sites/TestAuto1/productPage.php?product_id=11</product_url>
		<product_name>tie</product_name>
		<product_price>47.25</product_price>
		<color>white</color>
		<fabric>wool</fabric>
		<brand_name>CK</brand_name>
		<product_id>11</product_id>
		<sex>HTML</sex>
		<currency_name>EUR</currency_name>
		<navigator_state>ties,wool</navigator_state>
	</product>
	<DoSearch_Test_2>
		<dompos>75</dompos>
		<selectLength>4</selectLength>
		<selectSelectedIndex>2</selectSelectedIndex>
		<selectSelectedDomPos>86</selectSelectedDomPos>
	</DoSearch_Test_2>
	<product>
		<PRODUCT_NAME_DOM_POS>82</PRODUCT_NAME_DOM_POS>
		<PRODUCT_NAME_NODE_VAL>tie</PRODUCT_NAME_NODE_VAL>
		<PRODUCT_NAME_PARENT_DOM_POS>81</PRODUCT_NAME_PARENT_DOM_POS>
		<PRODUCT_NAME_PARENT_NODE_VAL>TD</PRODUCT_NAME_PARENT_NODE_VAL>
		<PRODUCT_NAME_PARENT2_DOM_POS>77</PRODUCT_NAME_PARENT2_DOM_POS>
		<PRODUCT_NAME_PARENT2_NODE_VAL>TR</PRODUCT_NAME_PARENT2_NODE_VAL>
		<PRODUCT_NAME_PARENT3_DOM_POS>76</PRODUCT_NAME_PARENT3_DOM_POS>
		<PRODUCT_NAME_PARENT3_NODE_VAL>TBODY</PRODUCT_NAME_PARENT3_NODE_VAL>
		<PRODUCT_NAME_PARENT4_DOM_POS>75</PRODUCT_NAME_PARENT4_DOM_POS>
		<PRODUCT_NAME_PARENT4_NODE_VAL>TABLE</PRODUCT_NAME_PARENT4_NODE_VAL>
		<PRODUCT_NAME_PARENT5_DOM_POS>58</PRODUCT_NAME_PARENT5_DOM_POS>
		<PRODUCT_NAME_PARENT5_NODE_VAL>BODY</PRODUCT_NAME_PARENT5_NODE_VAL>
		<product_url>http://sleipnerexamples.com.localhost/sites/TestAuto1/productPage.php?product_id=12</product_url>
		<product_name>tie</product_name>
		<product_price>35.5</product_price>
		<color>green</color>
		<fabric>cotton</fabric>
		<brand_name>Dior</brand_name>
		<product_id>12</product_id>
		<sex>HTML</sex>
		<currency_name>EUR</currency_name>
		<navigator_state>ties,cotton</navigator_state>
	</product>
	<product>
		<PRODUCT_NAME_DOM_POS>82</PRODUCT_NAME_DOM_POS>
		<PRODUCT_NAME_NODE_VAL>tie</PRODUCT_NAME_NODE_VAL>
		<PRODUCT_NAME_PARENT_DOM_POS>81</PRODUCT_NAME_PARENT_DOM_POS>
		<PRODUCT_NAME_PARENT_NODE_VAL>TD</PRODUCT_NAME_PARENT_NODE_VAL>
		<PRODUCT_NAME_PARENT2_DOM_POS>77</PRODUCT_NAME_PARENT2_DOM_POS>
		<PRODUCT_NAME_PARENT2_NODE_VAL>TR</PRODUCT_NAME_PARENT2_NODE_VAL>
		<PRODUCT_NAME_PARENT3_DOM_POS>76</PRODUCT_NAME_PARENT3_DOM_POS>
		<PRODUCT_NAME_PARENT3_NODE_VAL>TBODY</PRODUCT_NAME_PARENT3_NODE_VAL>
		<PRODUCT_NAME_PARENT4_DOM_POS>75</PRODUCT_NAME_PARENT4_DOM_POS>
		<PRODUCT_NAME_PARENT4_NODE_VAL>TABLE</PRODUCT_NAME_PARENT4_NODE_VAL>
		<PRODUCT_NAME_PARENT5_DOM_POS>58</PRODUCT_NAME_PARENT5_DOM_POS>
		<PRODUCT_NAME_PARENT5_NODE_VAL>BODY</PRODUCT_NAME_PARENT5_NODE_VAL>
		<product_url>http://sleipnerexamples.com.localhost/sites/TestAuto1/productPage.php?product_id=13</product_url>
		<product_name>tie</product_name>
		<product_price>45.5</product_price>
		<color>white</color>
		<fabric>cotton</fabric>
		<brand_name>CK</brand_name>
		<product_id>13</product_id>
		<sex>HTML</sex>
		<currency_name>EUR</currency_name>
		<navigator_state>ties,cotton</navigator_state>
	</product>
	<product>
		<PRODUCT_NAME_DOM_POS>82</PRODUCT_NAME_DOM_POS>
		<PRODUCT_NAME_NODE_VAL>tie</PRODUCT_NAME_NODE_VAL>
		<PRODUCT_NAME_PARENT_DOM_POS>81</PRODUCT_NAME_PARENT_DOM_POS>
		<PRODUCT_NAME_PARENT_NODE_VAL>TD</PRODUCT_NAME_PARENT_NODE_VAL>
		<PRODUCT_NAME_PARENT2_DOM_POS>77</PRODUCT_NAME_PARENT2_DOM_POS>
		<PRODUCT_NAME_PARENT2_NODE_VAL>TR</PRODUCT_NAME_PARENT2_NODE_VAL>
		<PRODUCT_NAME_PARENT3_DOM_POS>76</PRODUCT_NAME_PARENT3_DOM_POS>
		<PRODUCT_NAME_PARENT3_NODE_VAL>TBODY</PRODUCT_NAME_PARENT3_NODE_VAL>
		<PRODUCT_NAME_PARENT4_DOM_POS>75</PRODUCT_NAME_PARENT4_DOM_POS>
		<PRODUCT_NAME_PARENT4_NODE_VAL>TABLE</PRODUCT_NAME_PARENT4_NODE_VAL>
		<PRODUCT_NAME_PARENT5_DOM_POS>58</PRODUCT_NAME_PARENT5_DOM_POS>
		<PRODUCT_NAME_PARENT5_NODE_VAL>BODY</PRODUCT_NAME_PARENT5_NODE_VAL>
		<product_url>http://sleipnerexamples.com.localhost/sites/TestAuto1/productPage.php?product_id=14</product_url>
		<product_name>tie</product_name>
		<product_price>25.75</product_price>
		<color>blue</color>
		<fabric>cotton</fabric>
		<brand_name>Boss</brand_name>
		<product_id>14</product_id>
		<sex>HTML</sex>
		<currency_name>EUR</currency_name>
		<navigator_state>ties,cotton</navigator_state>
	</product>
	<product>
		<PRODUCT_NAME_DOM_POS>82</PRODUCT_NAME_DOM_POS>
		<PRODUCT_NAME_NODE_VAL>tie</PRODUCT_NAME_NODE_VAL>
		<PRODUCT_NAME_PARENT_DOM_POS>81</PRODUCT_NAME_PARENT_DOM_POS>
		<PRODUCT_NAME_PARENT_NODE_VAL>TD</PRODUCT_NAME_PARENT_NODE_VAL>
		<PRODUCT_NAME_PARENT2_DOM_POS>77</PRODUCT_NAME_PARENT2_DOM_POS>
		<PRODUCT_NAME_PARENT2_NODE_VAL>TR</PRODUCT_NAME_PARENT2_NODE_VAL>
		<PRODUCT_NAME_PARENT3_DOM_POS>76</PRODUCT_NAME_PARENT3_DOM_POS>
		<PRODUCT_NAME_PARENT3_NODE_VAL>TBODY</PRODUCT_NAME_PARENT3_NODE_VAL>
		<PRODUCT_NAME_PARENT4_DOM_POS>75</PRODUCT_NAME_PARENT4_DOM_POS>
		<PRODUCT_NAME_PARENT4_NODE_VAL>TABLE</PRODUCT_NAME_PARENT4_NODE_VAL>
		<PRODUCT_NAME_PARENT5_DOM_POS>58</PRODUCT_NAME_PARENT5_DOM_POS>
		<PRODUCT_NAME_PARENT5_NODE_VAL>BODY</PRODUCT_NAME_PARENT5_NODE_VAL>
		<product_url>http://sleipnerexamples.com.localhost/sites/TestAuto1/productPage.php?product_id=15</product_url>
		<product_name>tie</product_name>
		<product_price>57.25</product_price>
		<color>green</color>
		<fabric>cotton</fabric>
		<brand_name>CK</brand_name>
		<product_id>15</product_id>
		<sex>HTML</sex>
		<currency_name>EUR</currency_name>
		<navigator_state>ties,cotton</navigator_state>
	</product>
	<DoSearch_Test_2>
		<dompos>75</dompos>
		<selectLength>4</selectLength>
		<selectSelectedIndex>3</selectSelectedIndex>
		<selectSelectedDomPos>91</selectSelectedDomPos>
	</DoSearch_Test_2>
	<product>
		<PRODUCT_NAME_DOM_POS>82</PRODUCT_NAME_DOM_POS>
		<PRODUCT_NAME_NODE_VAL>jacket</PRODUCT_NAME_NODE_VAL>
		<PRODUCT_NAME_PARENT_DOM_POS>81</PRODUCT_NAME_PARENT_DOM_POS>
		<PRODUCT_NAME_PARENT_NODE_VAL>TD</PRODUCT_NAME_PARENT_NODE_VAL>
		<PRODUCT_NAME_PARENT2_DOM_POS>77</PRODUCT_NAME_PARENT2_DOM_POS>
		<PRODUCT_NAME_PARENT2_NODE_VAL>TR</PRODUCT_NAME_PARENT2_NODE_VAL>
		<PRODUCT_NAME_PARENT3_DOM_POS>76</PRODUCT_NAME_PARENT3_DOM_POS>
		<PRODUCT_NAME_PARENT3_NODE_VAL>TBODY</PRODUCT_NAME_PARENT3_NODE_VAL>
		<PRODUCT_NAME_PARENT4_DOM_POS>75</PRODUCT_NAME_PARENT4_DOM_POS>
		<PRODUCT_NAME_PARENT4_NODE_VAL>TABLE</PRODUCT_NAME_PARENT4_NODE_VAL>
		<PRODUCT_NAME_PARENT5_DOM_POS>58</PRODUCT_NAME_PARENT5_DOM_POS>
		<PRODUCT_NAME_PARENT5_NODE_VAL>BODY</PRODUCT_NAME_PARENT5_NODE_VAL>
		<product_url>http://sleipnerexamples.com.localhost/sites/TestAuto1/productPage.php?product_id=16</product_url>
		<product_name>jacket</product_name>
		<product_price>83.5</product_price>
		<color>blue</color>
		<fabric>wool</fabric>
		<brand_name>Dior</brand_name>
		<product_id>16</product_id>
		<sex>HTML</sex>
		<currency_name>EUR</currency_name>
		<navigator_state>jackets,wool</navigator_state>
	</product>
	<product>
		<PRODUCT_NAME_DOM_POS>82</PRODUCT_NAME_DOM_POS>
		<PRODUCT_NAME_NODE_VAL>jacket</PRODUCT_NAME_NODE_VAL>
		<PRODUCT_NAME_PARENT_DOM_POS>81</PRODUCT_NAME_PARENT_DOM_POS>
		<PRODUCT_NAME_PARENT_NODE_VAL>TD</PRODUCT_NAME_PARENT_NODE_VAL>
		<PRODUCT_NAME_PARENT2_DOM_POS>77</PRODUCT_NAME_PARENT2_DOM_POS>
		<PRODUCT_NAME_PARENT2_NODE_VAL>TR</PRODUCT_NAME_PARENT2_NODE_VAL>
		<PRODUCT_NAME_PARENT3_DOM_POS>76</PRODUCT_NAME_PARENT3_DOM_POS>
		<PRODUCT_NAME_PARENT3_NODE_VAL>TBODY</PRODUCT_NAME_PARENT3_NODE_VAL>
		<PRODUCT_NAME_PARENT4_DOM_POS>75</PRODUCT_NAME_PARENT4_DOM_POS>
		<PRODUCT_NAME_PARENT4_NODE_VAL>TABLE</PRODUCT_NAME_PARENT4_NODE_VAL>
		<PRODUCT_NAME_PARENT5_DOM_POS>58</PRODUCT_NAME_PARENT5_DOM_POS>
		<PRODUCT_NAME_PARENT5_NODE_VAL>BODY</PRODUCT_NAME_PARENT5_NODE_VAL>
		<product_url>http://sleipnerexamples.com.localhost/sites/TestAuto1/productPage.php?product_id=17</product_url>
		<product_name>jacket</product_name>
		<product_price>76.5</product_price>
		<color>white</color>
		<fabric>wool</fabric>
		<brand_name>CK</brand_name>
		<product_id>17</product_id>
		<sex>HTML</sex>
		<currency_name>EUR</currency_name>
		<navigator_state>jackets,wool</navigator_state>
	</product>
	<product>
		<PRODUCT_NAME_DOM_POS>82</PRODUCT_NAME_DOM_POS>
		<PRODUCT_NAME_NODE_VAL>jacket</PRODUCT_NAME_NODE_VAL>
		<PRODUCT_NAME_PARENT_DOM_POS>81</PRODUCT_NAME_PARENT_DOM_POS>
		<PRODUCT_NAME_PARENT_NODE_VAL>TD</PRODUCT_NAME_PARENT_NODE_VAL>
		<PRODUCT_NAME_PARENT2_DOM_POS>77</PRODUCT_NAME_PARENT2_DOM_POS>
		<PRODUCT_NAME_PARENT2_NODE_VAL>TR</PRODUCT_NAME_PARENT2_NODE_VAL>
		<PRODUCT_NAME_PARENT3_DOM_POS>76</PRODUCT_NAME_PARENT3_DOM_POS>
		<PRODUCT_NAME_PARENT3_NODE_VAL>TBODY</PRODUCT_NAME_PARENT3_NODE_VAL>
		<PRODUCT_NAME_PARENT4_DOM_POS>75</PRODUCT_NAME_PARENT4_DOM_POS>
		<PRODUCT_NAME_PARENT4_NODE_VAL>TABLE</PRODUCT_NAME_PARENT4_NODE_VAL>
		<PRODUCT_NAME_PARENT5_DOM_POS>58</PRODUCT_NAME_PARENT5_DOM_POS>
		<PRODUCT_NAME_PARENT5_NODE_VAL>BODY</PRODUCT_NAME_PARENT5_NODE_VAL>
		<product_url>http://sleipnerexamples.com.localhost/sites/TestAuto1/productPage.php?product_id=18</product_url>
		<product_name>jacket</product_name>
		<product_price>63.75</product_price>
		<color>blue</color>
		<fabric>wool</fabric>
		<brand_name>Boss</brand_name>
		<product_id>18</product_id>
		<sex>HTML</sex>
		<currency_name>EUR</currency_name>
		<navigator_state>jackets,wool</navigator_state>
	</product>
	<product>
		<PRODUCT_NAME_DOM_POS>82</PRODUCT_NAME_DOM_POS>
		<PRODUCT_NAME_NODE_VAL>jacket</PRODUCT_NAME_NODE_VAL>
		<PRODUCT_NAME_PARENT_DOM_POS>81</PRODUCT_NAME_PARENT_DOM_POS>
		<PRODUCT_NAME_PARENT_NODE_VAL>TD</PRODUCT_NAME_PARENT_NODE_VAL>
		<PRODUCT_NAME_PARENT2_DOM_POS>77</PRODUCT_NAME_PARENT2_DOM_POS>
		<PRODUCT_NAME_PARENT2_NODE_VAL>TR</PRODUCT_NAME_PARENT2_NODE_VAL>
		<PRODUCT_NAME_PARENT3_DOM_POS>76</PRODUCT_NAME_PARENT3_DOM_POS>
		<PRODUCT_NAME_PARENT3_NODE_VAL>TBODY</PRODUCT_NAME_PARENT3_NODE_VAL>
		<PRODUCT_NAME_PARENT4_DOM_POS>75</PRODUCT_NAME_PARENT4_DOM_POS>
		<PRODUCT_NAME_PARENT4_NODE_VAL>TABLE</PRODUCT_NAME_PARENT4_NODE_VAL>
		<PRODUCT_NAME_PARENT5_DOM_POS>58</PRODUCT_NAME_PARENT5_DOM_POS>
		<PRODUCT_NAME_PARENT5_NODE_VAL>BODY</PRODUCT_NAME_PARENT5_NODE_VAL>
		<product_url>http://sleipnerexamples.com.localhost/sites/TestAuto1/productPage.php?product_id=19</product_url>
		<product_name>jacket</product_name>
		<product_price>58.25</product_price>
		<color>green</color>
		<fabric>wool</fabric>
		<brand_name>CK</brand_name>
		<product_id>19</product_id>
		<sex>HTML</sex>
		<currency_name>EUR</currency_name>
		<navigator_state>jackets,wool</navigator_state>
	</product>
	<DoSearch_Test_2>
		<dompos>75</dompos>
		<selectLength>4</selectLength>
		<selectSelectedIndex>3</selectSelectedIndex>
		<selectSelectedDomPos>91</selectSelectedDomPos>
	</DoSearch_Test_2>
	<product>
		<PRODUCT_NAME_DOM_POS>82</PRODUCT_NAME_DOM_POS>
		<PRODUCT_NAME_NODE_VAL>jacket</PRODUCT_NAME_NODE_VAL>
		<PRODUCT_NAME_PARENT_DOM_POS>81</PRODUCT_NAME_PARENT_DOM_POS>
		<PRODUCT_NAME_PARENT_NODE_VAL>TD</PRODUCT_NAME_PARENT_NODE_VAL>
		<PRODUCT_NAME_PARENT2_DOM_POS>77</PRODUCT_NAME_PARENT2_DOM_POS>
		<PRODUCT_NAME_PARENT2_NODE_VAL>TR</PRODUCT_NAME_PARENT2_NODE_VAL>
		<PRODUCT_NAME_PARENT3_DOM_POS>76</PRODUCT_NAME_PARENT3_DOM_POS>
		<PRODUCT_NAME_PARENT3_NODE_VAL>TBODY</PRODUCT_NAME_PARENT3_NODE_VAL>
		<PRODUCT_NAME_PARENT4_DOM_POS>75</PRODUCT_NAME_PARENT4_DOM_POS>
		<PRODUCT_NAME_PARENT4_NODE_VAL>TABLE</PRODUCT_NAME_PARENT4_NODE_VAL>
		<PRODUCT_NAME_PARENT5_DOM_POS>58</PRODUCT_NAME_PARENT5_DOM_POS>
		<PRODUCT_NAME_PARENT5_NODE_VAL>BODY</PRODUCT_NAME_PARENT5_NODE_VAL>
		<product_url>http://sleipnerexamples.com.localhost/sites/TestAuto1/productPage.php?product_id=20</product_url>
		<product_name>jacket</product_name>
		<product_price>65.5</product_price>
		<color>green</color>
		<fabric>cotton</fabric>
		<brand_name>Dior</brand_name>
		<product_id>20</product_id>
		<sex>HTML</sex>
		<currency_name>EUR</currency_name>
		<navigator_state>jackets,cotton</navigator_state>
	</product>
	<product>
		<PRODUCT_NAME_DOM_POS>82</PRODUCT_NAME_DOM_POS>
		<PRODUCT_NAME_NODE_VAL>jacket</PRODUCT_NAME_NODE_VAL>
		<PRODUCT_NAME_PARENT_DOM_POS>81</PRODUCT_NAME_PARENT_DOM_POS>
		<PRODUCT_NAME_PARENT_NODE_VAL>TD</PRODUCT_NAME_PARENT_NODE_VAL>
		<PRODUCT_NAME_PARENT2_DOM_POS>77</PRODUCT_NAME_PARENT2_DOM_POS>
		<PRODUCT_NAME_PARENT2_NODE_VAL>TR</PRODUCT_NAME_PARENT2_NODE_VAL>
		<PRODUCT_NAME_PARENT3_DOM_POS>76</PRODUCT_NAME_PARENT3_DOM_POS>
		<PRODUCT_NAME_PARENT3_NODE_VAL>TBODY</PRODUCT_NAME_PARENT3_NODE_VAL>
		<PRODUCT_NAME_PARENT4_DOM_POS>75</PRODUCT_NAME_PARENT4_DOM_POS>
		<PRODUCT_NAME_PARENT4_NODE_VAL>TABLE</PRODUCT_NAME_PARENT4_NODE_VAL>
		<PRODUCT_NAME_PARENT5_DOM_POS>58</PRODUCT_NAME_PARENT5_DOM_POS>
		<PRODUCT_NAME_PARENT5_NODE_VAL>BODY</PRODUCT_NAME_PARENT5_NODE_VAL>
		<product_url>http://sleipnerexamples.com.localhost/sites/TestAuto1/productPage.php?product_id=21</product_url>
		<product_name>jacket</product_name>
		<product_price>79.5</product_price>
		<color>white</color>
		<fabric>cotton</fabric>
		<brand_name>CK</brand_name>
		<product_id>21</product_id>
		<sex>HTML</sex>
		<currency_name>EUR</currency_name>
		<navigator_state>jackets,cotton</navigator_state>
	</product>
	<product>
		<PRODUCT_NAME_DOM_POS>82</PRODUCT_NAME_DOM_POS>
		<PRODUCT_NAME_NODE_VAL>jacket</PRODUCT_NAME_NODE_VAL>
		<PRODUCT_NAME_PARENT_DOM_POS>81</PRODUCT_NAME_PARENT_DOM_POS>
		<PRODUCT_NAME_PARENT_NODE_VAL>TD</PRODUCT_NAME_PARENT_NODE_VAL>
		<PRODUCT_NAME_PARENT2_DOM_POS>77</PRODUCT_NAME_PARENT2_DOM_POS>
		<PRODUCT_NAME_PARENT2_NODE_VAL>TR</PRODUCT_NAME_PARENT2_NODE_VAL>
		<PRODUCT_NAME_PARENT3_DOM_POS>76</PRODUCT_NAME_PARENT3_DOM_POS>
		<PRODUCT_NAME_PARENT3_NODE_VAL>TBODY</PRODUCT_NAME_PARENT3_NODE_VAL>
		<PRODUCT_NAME_PARENT4_DOM_POS>75</PRODUCT_NAME_PARENT4_DOM_POS>
		<PRODUCT_NAME_PARENT4_NODE_VAL>TABLE</PRODUCT_NAME_PARENT4_NODE_VAL>
		<PRODUCT_NAME_PARENT5_DOM_POS>58</PRODUCT_NAME_PARENT5_DOM_POS>
		<PRODUCT_NAME_PARENT5_NODE_VAL>BODY</PRODUCT_NAME_PARENT5_NODE_VAL>
		<product_url>http://sleipnerexamples.com.localhost/sites/TestAuto1/productPage.php?product_id=22</product_url>
		<product_name>jacket</product_name>
		<product_price>51.75</product_price>
		<color>blue</color>
		<fabric>cotton</fabric>
		<brand_name>Boss</brand_name>
		<product_id>22</product_id>
		<sex>HTML</sex>
		<currency_name>EUR</currency_name>
		<navigator_state>jackets,cotton</navigator_state>
	</product>
	<product>
		<PRODUCT_NAME_DOM_POS>82</PRODUCT_NAME_DOM_POS>
		<PRODUCT_NAME_NODE_VAL>jacket</PRODUCT_NAME_NODE_VAL>
		<PRODUCT_NAME_PARENT_DOM_POS>81</PRODUCT_NAME_PARENT_DOM_POS>
		<PRODUCT_NAME_PARENT_NODE_VAL>TD</PRODUCT_NAME_PARENT_NODE_VAL>
		<PRODUCT_NAME_PARENT2_DOM_POS>77</PRODUCT_NAME_PARENT2_DOM_POS>
		<PRODUCT_NAME_PARENT2_NODE_VAL>TR</PRODUCT_NAME_PARENT2_NODE_VAL>
		<PRODUCT_NAME_PARENT3_DOM_POS>76</PRODUCT_NAME_PARENT3_DOM_POS>
		<PRODUCT_NAME_PARENT3_NODE_VAL>TBODY</PRODUCT_NAME_PARENT3_NODE_VAL>
		<PRODUCT_NAME_PARENT4_DOM_POS>75</PRODUCT_NAME_PARENT4_DOM_POS>
		<PRODUCT_NAME_PARENT4_NODE_VAL>TABLE</PRODUCT_NAME_PARENT4_NODE_VAL>
		<PRODUCT_NAME_PARENT5_DOM_POS>58</PRODUCT_NAME_PARENT5_DOM_POS>
		<PRODUCT_NAME_PARENT5_NODE_VAL>BODY</PRODUCT_NAME_PARENT5_NODE_VAL>
		<product_url>http://sleipnerexamples.com.localhost/sites/TestAuto1/productPage.php?product_id=23</product_url>
		<product_name>jacket</product_name>
		<product_price>82.25</product_price>
		<color>white</color>
		<fabric>cotton</fabric>
		<brand_name>CK</brand_name>
		<product_id>23</product_id>
		<sex>HTML</sex>
		<currency_name>EUR</currency_name>
		<navigator_state>jackets,cotton</navigator_state>
	</product>
	<TIME_SCANNING_END_UTC unit="DATE_ISO">20120403T180125</TIME_SCANNING_END_UTC>
	<TIME_SCANNING_END_LOCAL unit="DATE_SIMPLE">2012-Apr-03 20:01:25</TIME_SCANNING_END_LOCAL>
	<TIME_SCANNING_ELAPSED unit="DATE_ISO">000015</TIME_SCANNING_ELAPSED>
	<TIME_SCANNING_ELAPSED unit="DATE_SIMPLE">00:00:15</TIME_SCANNING_ELAPSED>
</ROOT>
