<?xml version="1.0" encoding="UTF-8"?>
<ROOT>
	<TIME_SCANNING_START_UTC>20121005T124550</TIME_SCANNING_START_UTC>
	<TIME_SCANNING_START_LOCAL>2012-Oct-05 14:45:50</TIME_SCANNING_START_LOCAL>
	<product>
		<product_name>Shirt:</product_name>
		<product_price>12.75 EUR</product_price>
	</product>
	<product>
		<product_name>Socks:</product_name>
		<product_price>2.75 EUR</product_price>
	</product>
	<TIME_SCANNING_END_UTC>20121005T124550</TIME_SCANNING_END_UTC>
	<TIME_SCANNING_END_LOCAL>2012-Oct-05 14:45:50</TIME_SCANNING_END_LOCAL>
	<TIME_SCANNING_ELAPSED>000000</TIME_SCANNING_ELAPSED>
	<TIME_SCANNING_ELAPSED>00:00:00</TIME_SCANNING_ELAPSED>
</ROOT>
