<?xml version="1.0" encoding="UTF-8"?>
<ROOT>
	<TIME_SCANNING_START_UTC>20121012T151852</TIME_SCANNING_START_UTC>
	<TIME_SCANNING_START_LOCAL>2012-Oct-12 17:18:52</TIME_SCANNING_START_LOCAL>
	<product>
		<product_name>dress</product_name>
		<product_price>45.5</product_price>
		<fabric>wool</fabric>
		<currency_name>EUR</currency_name>
		<navigator_state>dress</navigator_state>
	</product>
	<product>
		<product_name>dress</product_name>
		<product_price>55.5</product_price>
		<fabric>wool</fabric>
		<currency_name>EUR</currency_name>
		<navigator_state>dress</navigator_state>
	</product>
	<product>
		<product_name>dress</product_name>
		<product_price>35.75</product_price>
		<fabric>wool</fabric>
		<currency_name>EUR</currency_name>
		<navigator_state>dress</navigator_state>
	</product>
	<product>
		<product_name>dress</product_name>
		<product_price>67.25</product_price>
		<fabric>wool</fabric>
		<currency_name>EUR</currency_name>
		<navigator_state>dress</navigator_state>
	</product>
	<product>
		<product_name>dress</product_name>
		<product_price>55.5</product_price>
		<fabric>cotton</fabric>
		<currency_name>EUR</currency_name>
		<navigator_state>dress</navigator_state>
	</product>
	<product>
		<product_name>dress</product_name>
		<product_price>65.5</product_price>
		<fabric>cotton</fabric>
		<currency_name>EUR</currency_name>
		<navigator_state>dress</navigator_state>
	</product>
	<product>
		<product_name>dress</product_name>
		<product_price>45.75</product_price>
		<fabric>cotton</fabric>
		<currency_name>EUR</currency_name>
		<navigator_state>dress</navigator_state>
	</product>
	<product>
		<product_name>dress</product_name>
		<product_price>77.25</product_price>
		<fabric>cotton</fabric>
		<currency_name>EUR</currency_name>
		<navigator_state>dress</navigator_state>
	</product>
	<product>
		<product_name>tie</product_name>
		<product_price>25.5</product_price>
		<fabric>wool</fabric>
		<currency_name>EUR</currency_name>
		<navigator_state>tie</navigator_state>
	</product>
	<product>
		<product_name>tie</product_name>
		<product_price>35.5</product_price>
		<fabric>wool</fabric>
		<currency_name>EUR</currency_name>
		<navigator_state>tie</navigator_state>
	</product>
	<product>
		<product_name>tie</product_name>
		<product_price>25.75</product_price>
		<fabric>wool</fabric>
		<currency_name>EUR</currency_name>
		<navigator_state>tie</navigator_state>
	</product>
	<product>
		<product_name>tie</product_name>
		<product_price>47.25</product_price>
		<fabric>wool</fabric>
		<currency_name>EUR</currency_name>
		<navigator_state>tie</navigator_state>
	</product>
	<product>
		<product_name>tie</product_name>
		<product_price>35.5</product_price>
		<fabric>cotton</fabric>
		<currency_name>EUR</currency_name>
		<navigator_state>tie</navigator_state>
	</product>
	<product>
		<product_name>tie</product_name>
		<product_price>45.5</product_price>
		<fabric>cotton</fabric>
		<currency_name>EUR</currency_name>
		<navigator_state>tie</navigator_state>
	</product>
	<product>
		<product_name>tie</product_name>
		<product_price>25.75</product_price>
		<fabric>cotton</fabric>
		<currency_name>EUR</currency_name>
		<navigator_state>tie</navigator_state>
	</product>
	<product>
		<product_name>tie</product_name>
		<product_price>57.25</product_price>
		<fabric>cotton</fabric>
		<currency_name>EUR</currency_name>
		<navigator_state>tie</navigator_state>
	</product>
	<product>
		<product_name>jacket</product_name>
		<product_price>83.5</product_price>
		<fabric>wool</fabric>
		<currency_name>EUR</currency_name>
		<navigator_state>jacket</navigator_state>
	</product>
	<product>
		<product_name>jacket</product_name>
		<product_price>76.5</product_price>
		<fabric>wool</fabric>
		<currency_name>EUR</currency_name>
		<navigator_state>jacket</navigator_state>
	</product>
	<product>
		<product_name>jacket</product_name>
		<product_price>63.75</product_price>
		<fabric>wool</fabric>
		<currency_name>EUR</currency_name>
		<navigator_state>jacket</navigator_state>
	</product>
	<product>
		<product_name>jacket</product_name>
		<product_price>58.25</product_price>
		<fabric>wool</fabric>
		<currency_name>EUR</currency_name>
		<navigator_state>jacket</navigator_state>
	</product>
	<product>
		<product_name>jacket</product_name>
		<product_price>65.5</product_price>
		<fabric>cotton</fabric>
		<currency_name>EUR</currency_name>
		<navigator_state>jacket</navigator_state>
	</product>
	<product>
		<product_name>jacket</product_name>
		<product_price>79.5</product_price>
		<fabric>cotton</fabric>
		<currency_name>EUR</currency_name>
		<navigator_state>jacket</navigator_state>
	</product>
	<product>
		<product_name>jacket</product_name>
		<product_price>51.75</product_price>
		<fabric>cotton</fabric>
		<currency_name>EUR</currency_name>
		<navigator_state>jacket</navigator_state>
	</product>
	<product>
		<product_name>jacket</product_name>
		<product_price>82.25</product_price>
		<fabric>cotton</fabric>
		<currency_name>EUR</currency_name>
		<navigator_state>jacket</navigator_state>
	</product>
	<TIME_SCANNING_END_UTC>20121012T151855</TIME_SCANNING_END_UTC>
	<TIME_SCANNING_END_LOCAL>2012-Oct-12 17:18:55</TIME_SCANNING_END_LOCAL>
	<TIME_SCANNING_ELAPSED>000003</TIME_SCANNING_ELAPSED>
	<TIME_SCANNING_ELAPSED>00:00:03</TIME_SCANNING_ELAPSED>
</ROOT>
