<?xml version="1.0" encoding="UTF-8"?>
<ROOT>
	<TIME_SCANNING_START_UTC>20121005T122955</TIME_SCANNING_START_UTC>
	<TIME_SCANNING_START_LOCAL>2012-Oct-05 14:29:55</TIME_SCANNING_START_LOCAL>
	<product_name>Shirt:</product_name>
	<product_price>12.75 EUR</product_price>
	<TIME_SCANNING_END_UTC>20121005T122956</TIME_SCANNING_END_UTC>
	<TIME_SCANNING_END_LOCAL>2012-Oct-05 14:29:56</TIME_SCANNING_END_LOCAL>
	<TIME_SCANNING_ELAPSED>000001</TIME_SCANNING_ELAPSED>
	<TIME_SCANNING_ELAPSED>00:00:01</TIME_SCANNING_ELAPSED>
</ROOT>
